roc_auc,pr_auc,f1_score,recall,precision
0.9557337091328556,0.8487634047446969,0.7223144718354835,0.9195121951219513,0.5947623054270088
